{"min": [-0.45964, -0.84662, -0.457125], "max": [0.437486, 0.768411, 0.566728]}